fitness;aiType;gamesWon;averageRedBulletDifference;averageBulletDifference;redBulletRating;bulletPredominanceRating;placementRating;stickRating
0.6781887755102042;parentAI;5;0.5714285714285716;0.4285714285714285;1.348973607038123;12.272727272727272;3.6070381231671553;1.598240469208211
0.585076530612245;parentAIMutated;4;2.285714285714286;1.8571428571428572;1.8035190615835777;12.609970674486803;1.5102639296187683;5.513196480938416
0.578954081632653;parentAIMutated;4;1.4285714285714284;1.857142857142857;4.70674486803519;11.87683284457478;0.8797653958944281;0.7038123167155425
0.4442602040816327;mutantOther;3;1.5714285714285714;-1.5714285714285712;14.09090909090909;12.80058651026393;2.6686217008797652;2.0821114369501466
0.4343112244897959;childAI;3;-1.5714285714285716;0.4285714285714285;1.348973607038123;12.272727272727272;0.8651026392961877;3.4164222873900294
0.4332908163265306;mutantOther;3;-0.7142857142857143;-0.7142857142857142;9.237536656891495;14.354838709677418;2.126099706744868;0.7184750733137829
0.4303571428571428;childAIMutated;3;0.0;-2.0;9.222873900293255;10.381231671554252;1.2463343108504399;8.885630498533724
0.41556122448979593;parentAI;3;-3.5714285714285716;-0.2857142857142858;1.466275659824047;10.395894428152491;0.8651026392961877;3.4164222873900294
