fitness;aiType;gamesWon;averageRedBulletDifference;averageBulletDifference;redBulletRating;bulletPredominanceRating;placementRating;stickRating
0.936607142857143;mutantOther;7;4.999999999999999;0.14285714285714285;11.202346041055717;10.879765395894427;2.126099706744868;0.7184750733137829
0.5696428571428571;mutantOther;4;1.0000000000000002;0.8571428571428571;10.351906158357771;10.454545454545453;2.4486803519061584;0.11730205278592375
0.5649234693877551;childAI;4;0.7142857142857142;0.42857142857142855;11.055718475073313;14.985337243401759;2.1700879765395893;1.8621700879765395
0.5585459183673469;parentAIMutated;4;-0.42857142857142866;0.7142857142857142;9.222873900293255;14.677419354838708;2.4926686217008798;1.5835777126099706
0.44260204081632654;parentAI;3;0.7142857142857146;-0.8571428571428571;11.055718475073313;14.237536656891495;2.1700879765395893;1.466275659824047
0.4275510204081633;parentAI;3;-1.1428571428571428;-1.142857142857143;7.712609970674486;14.985337243401759;1.9354838709677418;1.8621700879765395
0.3081632653061225;childAIMutated;2;-2.857142857142857;0.0;8.093841642228739;14.296187683284456;2.155425219941349;1.0117302052785924
0.19196428571428573;parentAIMutated;1;-2.9999999999999996;-0.14285714285714285;12.067448680351905;14.956011730205278;3.0205278592375366;2.2140762463343107
