fitness;aiType;gamesWon;averageRedBulletDifference;averageBulletDifference;redBulletRating;bulletPredominanceRating;placementRating;stickRating
0.8307397959183673;mutantOther;6;4.428571428571429;2.1428571428571432;1.348973607038123;12.609970674486803;1.5102639296187683;1.598240469208211
0.665561224489796;parentAI;5;-0.5714285714285714;-0.2857142857142857;9.237536656891495;14.354838709677418;2.126099706744868;0.7184750733137829
0.5766581632653061;parentAIMutated;4;1.8571428571428572;0.9999999999999999;7.815249266862169;12.609970674486803;2.434017595307918;1.8328445747800586
0.5372448979591837;childAI;4;-1.2857142857142856;-1.7142857142857144;9.237536656891495;11.87683284457478;2.2434017595307916;0.7184750733137829
0.45344387755102045;mutantOther;3;0.857142857142857;0.7142857142857141;1.8621700879765395;11.29032258064516;2.2434017595307916;1.6422287390029324
0.43558673469387754;childAIMutated;3;-1.1428571428571428;0.1428571428571428;4.70674486803519;14.472140762463342;2.1114369501466275;1.8035190615835777
0.32767857142857143;parentAIMutated;2;5.551115123125783E-17;-0.14285714285714285;4.970674486803519;13.387096774193548;2.6099706744868034;8.416422287390029
0.1730867346938776;parentAI;1;-4.142857142857142;-1.8571428571428572;4.70674486803519;11.87683284457478;2.2434017595307916;1.6422287390029324
