fitness;aiType;gamesWon;averageRedBulletDifference;averageBulletDifference;redBulletRating;bulletPredominanceRating;placementRating;stickRating
0.9362244897959184;parentAI;7;3.571428571428571;1.7142857142857142;9.09090909090909;9.325513196480937;2.258064516129032;1.9354838709677418
0.6881377551020409;mutantOther;5;2.714285714285714;-0.42857142857142855;7.50733137829912;3.4897360703812317;1.9061583577712609;1.8914956011730204
0.6799744897959185;parentAIMutated;5;1.5714285714285712;-0.42857142857142855;8.826979472140762;9.193548387096774;3.2404692082111435;9.486803519061583
0.5765306122448979;parentAIMutated;4;1.7142857142857144;1.1428571428571428;3.3137829912023458;11.495601173020527;3.2111436950146626;0.8944281524926686
0.4340561224489796;childAIMutated;3;-0.8571428571428571;-0.4285714285714285;8.035190615835777;7.932551319648094;2.1700879765395893;1.3343108504398826
0.32002551020408165;mutantOther;2;-1.5714285714285712;0.42857142857142866;8.563049853372434;10.60117302052786;2.2727272727272725;2.038123167155425
0.1868622448979592;childAI;1;-2.7142857142857144;-1.2857142857142856;2.9178885630498534;9.325513196480937;1.9501466275659822;1.9354838709677418
0.17818877551020407;parentAI;1;-4.428571428571429;-0.7142857142857142;2.9178885630498534;7.873900293255132;1.9501466275659822;0.7917888563049853
