fitness;aiType;gamesWon;averageRedBulletDifference;averageBulletDifference;redBulletRating;bulletPredominanceRating;placementRating;stickRating
0.6994897959183675;mutantOther;5;3.4285714285714284;0.5714285714285714;7.609970674486803;9.618768328445748;6.774193548387096;5.102639296187683
0.6957908163265307;parentAIMutated;5;2.2857142857142856;1.2857142857142856;7.50733137829912;7.82991202346041;7.038123167155425;6.055718475073314
0.5561224489795918;mutantOther;4;0.8571428571428572;-1.1428571428571428;9.39882697947214;8.914956011730204;4.750733137829912;5.117302052785924
0.5464285714285714;childAIMutated;4;-0.9999999999999998;-0.5714285714285714;10.395894428152491;12.991202346041055;2.5513196480938416;2.287390029325513
0.546045918367347;parentAI;4;0.5714285714285715;-2.4285714285714284;10.36656891495601;7.639296187683284;2.9178885630498534;5.7917888563049855
0.45089285714285715;childAI;3;-1.0;2.4285714285714284;3.533724340175953;7.639296187683284;1.187683284457478;5.7917888563049855
0.4371173469387756;parentAIMutated;3;-1.4285714285714286;0.7142857142857144;2.859237536656891;12.609970674486803;3.255131964809384;2.727272727272727
0.06811224489795918;parentAI;0;-3.7142857142857144;-0.8571428571428572;3.533724340175953;12.771260997067449;1.187683284457478;2.1847507331378297
