fitness;aiType;gamesWon;averageRedBulletDifference;averageBulletDifference;redBulletRating;bulletPredominanceRating;placementRating;stickRating
0.8334183673469387;mutantOther;6;4.428571428571428;2.571428571428571;12.976539589442815;11.026392961876832;4.912023460410557;5.777126099706745
0.5691326530612245;parentAIMutated;4;1.4285714285714288;0.28571428571428564;7.609970674486803;9.618768328445748;6.774193548387096;5.102639296187683
0.56875;childAIMutated;4;1.0;0.7142857142857142;10.865102639296188;8.387096774193548;0.33724340175953077;2.0821114369501466
0.5543367346938776;childAI;4;-0.14285714285714302;-0.2857142857142857;11.041055718475073;8.255131964809383;1.158357771260997;6.671554252199413
0.4404336734693877;parentAI;3;-0.7142857142857143;0.42857142857142855;11.041055718475073;9.310850439882698;1.158357771260997;2.038123167155425
0.41683673469387755;mutantOther;3;-1.1428571428571428;-2.8571428571428568;8.841642228739003;7.580645161290322;3.9002932551319645;0.9237536656891495
0.31772959183673466;parentAIMutated;2;-2.142857142857143;0.7142857142857142;3.533724340175953;12.771260997067449;1.187683284457478;2.1847507331378297
0.29936224489795915;parentAI;2;-2.714285714285714;-1.5714285714285716;11.231671554252198;8.255131964809383;0.30791788856304986;6.671554252199413
