fitness;aiType;gamesWon;averageRedBulletDifference;averageBulletDifference;redBulletRating;bulletPredominanceRating;placementRating;stickRating
0.825;mutantOther;6;4.0;1.7142857142857142;5.100256425190478;0.23689877799214631;5.530442147065916;2.903792463154039
0.6909438775510206;childAI;5;2.857142857142857;-0.14285714285714285;6.561583577712609;1.2683284457478;5.593841642228739;5.373900293255131
0.5644132653061225;mutantOther;4;1.1428571428571428;-0.14285714285714296;4.816715542521994;0.3299120234604098;7.412023460410557;2.631964809384163
0.4405612244897959;parentAIMutated;3;-0.5714285714285717;0.28571428571428575;5.535190615835777;0.25659824046920754;5.520527859237536;-3.8196480938416424
0.4400510204081633;parentAI;3;-1.1428571428571428;0.8571428571428571;4.69941348973607;1.2683284457478;5.593841642228739;-3.936950146627566
0.4284438775510204;parentAI;3;-1.1428571428571428;-1.0;6.561583577712609;0.6964809384164212;-3.2624633431085046;5.373900293255131
0.4213010204081633;parentAIMutated;3;-2.142857142857143;-0.9999999999999999;4.640762463343108;1.4296187683284458;-1.8401759530791795;5.359237536656892
0.18928571428571428;childAIMutated;1;-3.0;-0.5714285714285714;5.109970674486803;4.37683284457478;-2.925219941348974;-4.171554252199414
