fitness;aiType;gamesWon;averageRedBulletDifference;averageBulletDifference;redBulletRating;bulletPredominanceRating;placementRating;stickRating
0.9761479591836736;mutantOther;7;6.285714285714286;5.0;5.494173416764729;11.608002473674162;6.8252527665339295;1.6451554388002598
0.8107142857142857;parentAI;6;1.9999999999999996;1.7142857142857142;8.709677419354838;14.70674486803519;5.821114369501466;1.7888563049853372
0.5677295918367347;mutantOther;4;1.8571428571428572;-0.42857142857142844;10.879765395894427;12.038123167155424;5.674486803519061;1.6422287390029324
0.438265306122449;parentAIMutated;3;-1.1428571428571428;0.5714285714285714;7.873900293255132;12.917888563049853;0.029325513196480937;0.30791788856304986
0.4306122448979592;childAIMutated;3;-0.7142857142857144;-1.1428571428571428;10.762463343108504;7.9178885630498534;9.07624633431085;1.2609970674486803
0.30318877551020407;parentAIMutated;2;-1.4285714285714284;-2.4285714285714284;11.055718475073313;9.178885630498533;12.038123167155424;11.935483870967742
0.2885204081632653;parentAI;2;-3.857142857142857;-2.0;10.549385688366257;8.445226980046854;10.853025181089412;12.777636383414722
0.18482142857142858;childAI;1;-2.9999999999999996;-1.2857142857142856;10.549385688366257;14.70674486803519;5.821114369501466;12.777636383414722
