fitness;aiType;gamesWon;averageRedBulletDifference;averageBulletDifference;redBulletRating;bulletPredominanceRating;placementRating;stickRating
0.6909438775510205;childAI;5;1.8571428571428572;0.9999999999999996;9.237536656891495;8.049853372434017;2.126099706744868;7.976539589442815
0.5903061224489796;parentAIMutated;4;2.1428571428571432;2.8571428571428568;12.82991202346041;14.252199413489736;2.3020527859237534;0.16129032258064516
0.5603316326530612;childAIMutated;4;0.5714285714285712;-0.1428571428571428;10.806451612903226;12.903225806451612;9.07624633431085;0.6744868035190615
0.4443877551020408;parentAIMutated;3;0.7142857142857144;-0.5714285714285713;10.454545454545453;8.944281524926685;9.164222873900293;8.313782991202345
0.4418367346938776;parentAI;3;-1.142857142857143;1.142857142857143;9.237536656891495;14.354838709677418;2.126099706744868;0.7184750733137829
0.4400510204081633;mutantOther;3;-1.1428571428571428;0.8571428571428571;5.494173416764729;11.608002473674162;6.8252527665339295;1.6451554388002598
0.41862244897959183;mutantOther;3;-1.1428571428571428;-2.5714285714285716;10.549385688366257;8.445226980046854;10.853025181089412;12.777636383414722
0.4135204081632653;parentAI;3;-1.8571428571428572;-2.571428571428571;10.586510263929618;8.049853372434017;9.134897360703812;7.976539589442815
