fitness;aiType;gamesWon;averageRedBulletDifference;averageBulletDifference;redBulletRating;bulletPredominanceRating;placementRating;stickRating
0.8262755102040816;mutantOther;6;3.428571428571429;2.571428571428571;9.237536656891495;14.354838709677418;2.126099706744868;0.7184750733137829
0.6941326530612246;childAIMutated;5;2.428571428571429;0.8571428571428571;12.81524926686217;7.5953079178885625;2.155425219941349;1.7888563049853372
0.5598214285714286;parentAI;4;1.0;-0.7142857142857142;12.82991202346041;14.252199413489736;2.3020527859237534;0.16129032258064516
0.55625;parentAIMutated;4;0.0;-0.1428571428571428;14.04692082111437;13.7683284457478;2.0821114369501466;0.5131964809384164
0.4417091836734694;parentAIMutated;3;-0.2857142857142858;0.1428571428571428;8.489736070381232;8.005865102639296;11.187683284457478;9.281524926686217
0.4205357142857143;mutantOther;3;-2.0;-1.2857142857142856;10.454545454545453;8.944281524926685;9.164222873900293;8.313782991202345
0.32410714285714287;childAI;2;-1.0;0.42857142857142866;9.237536656891495;14.252199413489736;2.3020527859237534;7.976539589442815
0.1771683673469388;parentAI;1;-3.571428571428571;-1.8571428571428572;9.237536656891495;8.049853372434017;2.126099706744868;7.976539589442815
