fitness;aiType;gamesWon;averageRedBulletDifference;averageBulletDifference;redBulletRating;bulletPredominanceRating;placementRating;stickRating
0.8197704081632653;mutantOther;6;3.1428571428571423;1.857142857142857;6.180351906158357;1.0630498533724335;4.640762463343108;-3.2331378299120237
0.5795918367346939;mutantOther;4;1.142857142857143;2.2857142857142856;4.37683284457478;1.0630498533724335;4.640762463343108;-2.3240469208211145
0.5728316326530611;childAIMutated;4;1.5714285714285712;0.7142857142857144;7.250733137829911;0.4618768328445748;4.098240469208211;-1.3123167155425222
0.5701530612244897;parentAIMutated;4;0.5714285714285712;1.4285714285714284;5.755131964809383;0.755131964809383;4.098240469208211;-3.247800586510264
0.563265306122449;childAI;4;0.857142857142857;-1.1102230246251565E-16;6.180351906158357;1.3563049853372426;5.564516129032258;-0.7111436950146635
0.43698979591836734;parentAI;3;-0.5714285714285713;-0.28571428571428575;6.180351906158357;1.3563049853372426;4.508797653958943;-3.2331378299120237
0.4316326530612245;parentAI;3;-0.5714285714285714;-1.1428571428571428;5.62316715542522;1.370967741935484;5.564516129032258;-0.7111436950146635
0.025765306122448983;parentAIMutated;0;-6.142857142857142;-4.857142857142858;5.520527859237536;-5.813782991202347;-0.08064516129032295;-0.5938416422287389
