fitness;aiType;gamesWon;averageRedBulletDifference;averageBulletDifference;redBulletRating;bulletPredominanceRating;placementRating;stickRating
0.8353316326530612;randomAI;6;4.571428571428572;2.714285714285714;6.518307708877991;2.1282190084509836;-3.361192834770595;1.0010698668907345
0.7014030612244899;randomAI;5;3.5714285714285716;0.7142857142857141;5.105908261978255;-4.9240930817801605;3.58173166649609;-5.518915341372039
0.6809948979591838;randomAI;5;1.7142857142857144;-0.4285714285714286;5.100256425190478;0.23689877799214631;5.530442147065916;2.903792463154039
0.5845663265306122;randomAI;4;1.714285714285714;2.4285714285714284;-5.047421695962697;5.435049080507479;2.820416434113536;-5.466094353100406
0.4375;randomAI;3;1.0;-2.0;7.3380173376359465;-5.438991822889474;0.741656548413685;2.1499168430463467
0.425;randomAI;3;-2.0;-0.5714285714285714;-6.919992789106978;6.029556949868722;-4.2204587949488355;6.589136460120294
0.3066326530612245;randomAI;2;-3.5714285714285716;0.5714285714285714;-5.160701058747788;5.777706617159616;-1.066536098651497;-2.2008194953668356
0.028571428571428577;randomAI;0;-7.0;-3.428571428571428;-6.44800558943355;-6.62874515103058;2.0956570322882975;5.2026147563067475
