fitness;aiType;gamesWon;averageRedBulletDifference;averageBulletDifference;redBulletRating;bulletPredominanceRating;placementRating;stickRating
0.7012755102040817;mutantOther;5;3.4285714285714284;0.857142857142857;4.70674486803519;11.87683284457478;0.8797653958944281;0.7038123167155425
0.5590561224489796;parentAIMutated;4;0.1428571428571428;0.1428571428571429;1.8621700879765395;11.29032258064516;2.2434017595307916;1.6422287390029324
0.557908163265306;parentAI;4;-1.142857142857143;1.4285714285714286;1.8035190615835777;12.609970674486803;1.5102639296187683;5.513196480938416
0.5524234693877551;childAI;4;-0.2857142857142856;-0.42857142857142855;1.348973607038123;12.609970674486803;1.5102639296187683;1.598240469208211
0.464030612244898;mutantOther;3;1.7142857142857144;1.4285714285714288;9.237536656891495;14.354838709677418;2.126099706744868;0.7184750733137829
0.4419642857142857;childAIMutated;3;0.0;-0.1428571428571429;1.0263929618768328;12.56598240469208;3.4897360703812317;5.117302052785924
0.4205357142857143;parentAI;3;-1.0;-2.428571428571429;1.348973607038123;12.272727272727272;3.6070381231671553;1.598240469208211
0.30280612244897964;parentAIMutated;2;-2.857142857142857;-0.8571428571428569;3.533724340175953;12.302052785923753;0.8797653958944281;5.601173020527859
