fitness;aiType;gamesWon;averageRedBulletDifference;averageBulletDifference;redBulletRating;bulletPredominanceRating;placementRating;stickRating
0.6926020408163266;mutantOther;5;1.7142857142857144;1.4285714285714286;9.237536656891495;14.354838709677418;2.126099706744868;0.7184750733137829
0.6767857142857143;parentAI;5;1.9999999999999998;-1.4285714285714286;11.202346041055717;10.879765395894427;2.6099706744868034;1.6862170087976538
0.5665816326530612;parentAIMutated;4;0.5714285714285714;0.857142857142857;9.017595307917889;10.835777126099707;7.316715542521994;1.715542521994135
0.553954081632653;parentAIMutated;4;0.4285714285714285;-1.0;14.501466275659823;14.384164222873899;2.5513196480938416;0.5718475073313782
0.43979591836734694;childAIMutated;3;-0.42857142857142866;0.0;11.055718475073313;14.237536656891495;2.1700879765395893;1.466275659824047
0.4290816326530612;parentAI;3;-1.4285714285714284;-0.5714285714285714;9.237536656891495;14.354838709677418;1.5102639296187683;1.598240469208211
0.3331632653061224;mutantOther;2;-0.8571428571428571;1.7142857142857142;4.70674486803519;14.472140762463342;2.1114369501466275;1.8035190615835777
0.30803571428571425;childAI;2;-2.0;-1.0;9.237536656891495;10.879765395894427;1.5102639296187683;1.6862170087976538
